Customer_ID,best_offer
Customer_708,3
Customer_47,0
Customer_3995,1
Customer_1513,0
Customer_3686,0
Customer_2835,1
Customer_2492,0
Customer_4192,2
Customer_6865,0
Customer_6354,2
Customer_1010,1
Customer_2707,0
Customer_4304,1
Customer_3126,1
Customer_7716,3
Customer_4373,1
Customer_1002,0
Customer_315,0
Customer_8052,1
Customer_9079,2
Customer_6848,0
Customer_1496,3
Customer_3601,1
Customer_6375,0
Customer_965,1
Customer_2389,0
Customer_2862,0
Customer_4326,0
Customer_3891,0
Customer_2221,2
Customer_8919,2
Customer_3352,0
Customer_1691,1
Customer_93,2
Customer_6657,1
Customer_1728,0
Customer_2698,3
Customer_6686,1
Customer_2865,1
Customer_5100,1
Customer_4085,0
Customer_3755,1
Customer_9100,1
Customer_8365,0
Customer_1180,2
Customer_8905,0
Customer_1175,1
Customer_653,0
Customer_6523,0
Customer_2439,1
Customer_5521,0
Customer_3346,1
Customer_5992,0
Customer_6946,1
Customer_8376,2
Customer_9080,2
Customer_7847,0
Customer_5723,0
Customer_7945,2
Customer_447,0
Customer_2812,0
Customer_7613,0
Customer_5349,0
Customer_7695,1
Customer_5362,3
Customer_4301,1
Customer_5969,0
Customer_620,1
Customer_248,1
Customer_1501,1
Customer_3433,1
Customer_7370,0
Customer_4471,2
Customer_2344,0
Customer_3749,3
Customer_7963,1
Customer_7622,0
Customer_7213,3
Customer_4169,0
Customer_2777,1
Customer_1153,3
Customer_6220,2
Customer_8539,0
Customer_3532,1
Customer_4836,1
Customer_4791,0
Customer_8535,2
Customer_6401,3
Customer_5107,1
Customer_6339,0
Customer_8431,1
Customer_4581,3
Customer_4119,3
Customer_8588,0
Customer_2166,1
Customer_318,0
Customer_4329,1
Customer_5564,1
Customer_4686,1
Customer_511,0
Customer_4511,1
Customer_7765,1
Customer_6312,3
Customer_4663,2
Customer_8479,1
Customer_6087,0
Customer_2680,0
Customer_7549,1
Customer_7720,0
Customer_1488,2
Customer_7292,1
Customer_3518,3
Customer_5193,1
Customer_5613,1
Customer_6916,0
Customer_8708,1
Customer_5209,0
Customer_2651,1
Customer_8665,1
Customer_2499,0
Customer_7925,1
Customer_8083,0
Customer_3204,1
Customer_2999,0
Customer_8727,0
Customer_8099,1
Customer_7918,0
Customer_2944,2
Customer_6051,2
Customer_4467,2
Customer_7740,1
Customer_5034,1
Customer_9035,1
Customer_95,0
Customer_5953,1
Customer_8532,3
Customer_4480,3
Customer_2884,1
Customer_1851,1
Customer_1183,0
Customer_4317,1
Customer_2954,0
Customer_8039,0
Customer_1527,3
Customer_119,1
Customer_4415,3
Customer_8250,0
Customer_8358,0
Customer_1922,1
Customer_2650,3
Customer_5741,0
Customer_1402,2
Customer_1406,1
Customer_8858,0
Customer_5171,0
Customer_647,1
Customer_7844,0
Customer_3017,0
Customer_2984,0
Customer_267,0
Customer_4879,0
Customer_80,0
Customer_6692,1
Customer_8816,2
Customer_5653,3
Customer_2922,0
Customer_3616,0
Customer_4602,1
Customer_7470,1
Customer_6498,1
Customer_3533,0
Customer_6512,1
Customer_3469,1
Customer_3397,1
Customer_3680,1
Customer_6448,1
Customer_457,0
Customer_3172,3
Customer_7909,1
Customer_7751,2
Customer_3666,1
Customer_4586,0
Customer_6152,1
Customer_2067,0
Customer_4421,0
Customer_1413,1
Customer_3931,0
Customer_8500,0
Customer_7468,1
Customer_3837,3
Customer_7843,1
Customer_7000,2
Customer_6062,0
Customer_1188,0
Customer_8092,0
Customer_6361,0
Customer_4512,0
Customer_563,1
Customer_169,1
Customer_908,2
Customer_5336,3
Customer_8219,0
Customer_360,0
Customer_3297,1
Customer_6695,0
Customer_2354,1
Customer_8778,2
Customer_1945,1
Customer_286,1
Customer_6383,0
Customer_3708,1
Customer_3887,0
Customer_7061,1
Customer_88,0
Customer_6847,1
Customer_6653,3
Customer_4296,0
Customer_330,0
Customer_6249,3
Customer_5770,0
Customer_8021,1
Customer_7104,1
Customer_743,1
Customer_1614,0
Customer_1550,0
Customer_7985,3
Customer_1068,1
Customer_1452,0
Customer_1729,1
Customer_1608,0
Customer_6663,1
Customer_1372,1
Customer_7626,2
Customer_5430,0
Customer_5382,0
Customer_6491,3
Customer_8071,0
Customer_6363,0
Customer_3658,1
Customer_2022,1
Customer_3024,0
Customer_2728,0
Customer_6751,0
Customer_2498,1
Customer_8168,1
Customer_76,1
Customer_4919,2
Customer_2239,1
Customer_7505,0
Customer_2582,0
Customer_2228,1
Customer_3312,1
Customer_4787,2
Customer_3870,3
Customer_2150,1
Customer_736,1
Customer_2167,1
Customer_2132,1
Customer_2770,0
Customer_4464,3
Customer_4634,0
Customer_474,0
Customer_1915,1
Customer_1483,0
Customer_8757,0
Customer_2215,0
Customer_5246,1
Customer_761,0
Customer_5682,1
Customer_7864,2
Customer_8374,1
Customer_4407,0
Customer_6108,1
Customer_6193,0
Customer_5114,1
Customer_8634,1
Customer_4982,3
Customer_265,0
Customer_4217,2
Customer_3437,1
Customer_5418,1
Customer_7741,2
Customer_1770,0
Customer_4038,0
Customer_1720,2
Customer_8697,0
Customer_5705,2
Customer_582,2
Customer_5317,1
Customer_5098,1
Customer_4098,0
Customer_1747,1
Customer_7356,0
Customer_1349,1
Customer_1145,0
Customer_1962,1
Customer_6348,3
Customer_6516,0
Customer_1076,0
Customer_6219,0
Customer_3429,0
Customer_733,0
Customer_2858,0
Customer_3148,0
Customer_8939,0
Customer_4715,0
Customer_8255,0
Customer_6580,3
Customer_927,0
Customer_8966,1
Customer_5096,0
Customer_2549,0
Customer_7755,1
Customer_8983,0
Customer_3044,0
Customer_8859,0
Customer_1018,1
Customer_1414,1
Customer_5597,1
Customer_7447,1
Customer_4701,0
Customer_9132,1
Customer_2982,1
Customer_4766,0
Customer_2766,0
Customer_4844,1
Customer_3122,1
Customer_8220,0
Customer_1313,0
Customer_2576,2
Customer_8876,1
Customer_5152,0
Customer_5353,2
Customer_7677,0
Customer_4934,1
Customer_5059,1
Customer_7185,1
Customer_6360,0
Customer_1603,2
Customer_3063,3
Customer_5388,0
Customer_8843,0
Customer_828,0
Customer_106,0
Customer_6242,1
Customer_1417,1
Customer_6885,3
Customer_9001,1
Customer_4353,1
Customer_592,3
Customer_7700,3
Customer_7296,3
Customer_7890,1
Customer_2641,1
Customer_3130,3
Customer_3960,0
Customer_212,1
Customer_8206,2
Customer_700,0
Customer_1662,2
Customer_4983,0
Customer_7990,0
Customer_4441,0
Customer_8660,1
Customer_1263,1
Customer_3272,0
Customer_1543,1
Customer_6622,0
Customer_4709,3
Customer_4692,1
Customer_107,1
Customer_8940,0
Customer_4269,0
Customer_5584,0
Customer_2881,1
Customer_7460,0
Customer_6394,1
Customer_2260,1
Customer_1090,0
Customer_3916,1
Customer_8256,1
Customer_1745,1
Customer_5140,0
Customer_9027,0
Customer_1557,1
Customer_1934,1
Customer_4747,0
Customer_4794,1
Customer_8183,0
Customer_3836,1
Customer_624,1
Customer_239,0
Customer_1472,1
Customer_9098,0
Customer_4338,0
Customer_222,0
Customer_940,1
Customer_5781,1
Customer_2678,1
Customer_2833,1
Customer_1253,0
Customer_1393,1
Customer_1034,2
Customer_7340,1
Customer_131,0
Customer_8203,3
Customer_2227,0
Customer_2533,0
Customer_5955,1
Customer_2864,2
Customer_7420,1
Customer_2726,1
Customer_1512,1
Customer_6518,0
Customer_3626,0
Customer_4990,0
Customer_7178,0
Customer_8855,1
Customer_5019,1
Customer_7922,0
Customer_6255,1
Customer_8481,3
Customer_3971,0
Customer_623,3
Customer_5032,0
Customer_2870,0
Customer_1314,0
Customer_6705,0
Customer_5552,0
Customer_4707,0
Customer_1055,0
Customer_2684,0
Customer_5862,2
Customer_9123,1
Customer_5522,2
Customer_5749,0
Customer_1593,0
Customer_92,3
Customer_4302,0
Customer_1322,0
Customer_1022,1
Customer_5011,1
Customer_8740,0
Customer_7281,3
Customer_6110,0
Customer_7853,0
Customer_9109,1
Customer_7611,1
Customer_6574,1
Customer_2860,1
Customer_4446,0
Customer_3880,1
Customer_6169,0
Customer_3693,2
Customer_6897,0
Customer_4385,0
Customer_3855,3
Customer_1954,2
Customer_2246,1
Customer_5970,1
Customer_3934,0
Customer_1981,1
Customer_7236,1
Customer_6589,3
Customer_2098,0
Customer_567,2
Customer_8068,2
Customer_2926,3
Customer_1790,1
Customer_6723,2
Customer_1746,1
Customer_4687,1
Customer_4721,0
Customer_3481,1
Customer_5436,0
Customer_5762,0
Customer_2729,1
Customer_2164,2
Customer_4694,0
Customer_2404,0
Customer_6181,3
Customer_4695,1
Customer_3412,1
Customer_2251,1
Customer_321,1
Customer_6566,0
Customer_4708,0
Customer_554,3
Customer_8925,3
Customer_5894,0
Customer_7873,0
Customer_3027,0
Customer_1162,0
Customer_6693,2
Customer_1803,1
Customer_3307,3
Customer_4128,0
Customer_5809,1
Customer_8914,0
Customer_509,1
Customer_3256,1
Customer_5045,3
Customer_2754,0
Customer_518,2
Customer_1862,1
Customer_6112,1
Customer_2818,0
Customer_2517,1
Customer_7212,0
Customer_7224,1
Customer_8947,0
Customer_3208,2
Customer_6123,2
Customer_1793,0
Customer_8044,0
Customer_2483,0
Customer_3016,3
Customer_2302,2
Customer_8382,1
Customer_4951,0
Customer_8499,0
Customer_14,0
Customer_5709,2
Customer_866,2
Customer_2407,3
Customer_1087,0
Customer_4299,0
Customer_8246,0
Customer_8214,1
Customer_6961,1
Customer_3527,0
Customer_6495,0
Customer_6840,2
Customer_2748,3
Customer_6299,1
Customer_6065,2
Customer_5888,0
Customer_3790,0
Customer_2760,0
Customer_1780,0
Customer_765,3
Customer_4029,1
Customer_8233,0
Customer_5111,2
Customer_1558,0
Customer_7974,1
Customer_711,1
Customer_2795,0
Customer_6321,1
Customer_586,0
Customer_7199,1
Customer_4222,0
Customer_6478,1
Customer_5925,0
Customer_2995,1
Customer_4313,1
Customer_3254,0
Customer_8982,0
Customer_4156,1
Customer_9127,3
Customer_7193,0
Customer_8849,1
Customer_7557,2
Customer_7227,0
Customer_4427,1
Customer_4252,0
Customer_5700,3
Customer_2157,0
Customer_1038,0
Customer_3383,1
Customer_5304,3
Customer_2521,0
Customer_3400,1
Customer_6774,0
Customer_3286,3
Customer_7394,0
Customer_1791,3
Customer_763,0
Customer_2213,2
Customer_6841,1
Customer_764,0
Customer_1297,1
Customer_3869,1
Customer_8955,0
Customer_2874,1
Customer_1616,3
Customer_5558,0
Customer_4730,1
Customer_747,1
Customer_2921,2
Customer_9006,1
Customer_5867,0
Customer_1195,3
Customer_3784,1
Customer_3704,0
Customer_1684,3
Customer_2321,1
Customer_8741,3
Customer_4450,2
Customer_2420,2
Customer_8403,0
Customer_7247,1
Customer_6085,2
Customer_7105,1
Customer_2648,0
Customer_1318,3
Customer_7371,1
Customer_8490,0
Customer_221,0
Customer_1430,0
Customer_7103,0
Customer_7878,1
Customer_6517,1
Customer_8067,1
Customer_4775,0
Customer_7542,3
Customer_5199,1
Customer_6014,0
Customer_5595,0
Customer_6796,0
Customer_6725,1
Customer_8577,1
Customer_2706,0
Customer_5731,0
Customer_4347,1
Customer_465,3
Customer_4502,0
Customer_4284,1
Customer_5531,2
Customer_730,3
Customer_7680,1
Customer_8397,1
Customer_1084,2
Customer_7367,3
Customer_5020,1
Customer_7865,0
Customer_7144,3
Customer_3767,2
Customer_4509,0
Customer_1147,0
Customer_7559,0
Customer_8544,0
Customer_7895,2
Customer_5074,0
Customer_4397,0
Customer_3946,3
Customer_8398,2
Customer_2115,1
Customer_8670,1
Customer_304,0
Customer_5168,1
Customer_6564,1
Customer_8213,0
Customer_6520,1
Customer_2628,1
Customer_8590,1
Customer_5910,3
Customer_3050,2
Customer_1963,0
Customer_1817,1
Customer_994,0
Customer_668,1
Customer_5284,1
Customer_5196,1
Customer_3480,1
Customer_7650,0
Customer_6500,0
Customer_7812,1
Customer_1199,1
Customer_4993,0
Customer_2691,0
Customer_211,0
Customer_856,2
Customer_5428,0
Customer_5587,0
Customer_4580,0
Customer_5528,0
Customer_5339,3
Customer_3608,0
Customer_7384,0
Customer_7582,0
Customer_4537,0
Customer_8345,0
Customer_4568,0
Customer_8869,0
Customer_6989,0
Customer_7397,0
Customer_7283,1
Customer_12,0
Customer_6074,0
Customer_9095,1
Customer_2513,2
Customer_8326,1
Customer_5654,1
Customer_6759,0
Customer_4883,1
Customer_6832,1
Customer_1315,0
Customer_37,0
Customer_7337,0
Customer_932,1
Customer_19,1
Customer_3365,0
Customer_3125,0
Customer_4414,0
Customer_2595,0
Customer_2473,0
Customer_1078,0
Customer_4996,0
Customer_538,0
Customer_7808,0
Customer_789,1
Customer_8008,2
Customer_2018,3
Customer_1071,0
Customer_7277,0
Customer_2918,1
Customer_8542,0
Customer_676,1
Customer_1559,2
Customer_6572,0
Customer_5266,2
Customer_879,0
Customer_346,1
Customer_5621,0
Customer_3955,2
Customer_4189,2
Customer_7762,0
Customer_4381,1
Customer_1672,1
Customer_4048,2
Customer_3969,1
Customer_6794,1
Customer_6397,0
Customer_3087,1
Customer_1877,2
Customer_7888,1
Customer_4041,1
Customer_5882,2
Customer_2742,1
Customer_1144,3
Customer_1617,1
Customer_6003,0
Customer_3555,0
Customer_2464,2
Customer_4817,0
Customer_7359,1
Customer_5224,0
Customer_7050,1
Customer_1516,0
Customer_6489,0
Customer_2133,1
Customer_1222,2
Customer_2303,0
Customer_6137,0
Customer_4077,0
Customer_8936,0
Customer_5360,0
Customer_8620,0
Customer_333,1
Customer_5466,0
Customer_3248,0
Customer_1730,0
Customer_2510,3
Customer_2609,0
Customer_8569,1
Customer_5701,1
Customer_6268,0
Customer_7633,0
Customer_8410,0
Customer_6143,3
Customer_2142,0
Customer_2214,0
Customer_7049,1
Customer_8557,0
Customer_6889,0
Customer_5502,0
Customer_5103,1
Customer_8269,0
Customer_5706,0
Customer_3290,0
Customer_5386,1
Customer_5247,2
Customer_4151,0
Customer_4275,1
Customer_23,1
Customer_2458,0
Customer_4024,2
Customer_6547,0
Customer_3649,0
Customer_8693,1
Customer_4756,0
Customer_5939,3
Customer_5049,1
Customer_8448,1
Customer_5829,0
Customer_6750,2
Customer_3872,0
Customer_4245,1
Customer_4786,0
Customer_8817,1
Customer_4626,0
Customer_4322,0
Customer_7896,1
Customer_2094,1
Customer_6912,2
Customer_8104,0
Customer_6009,1
Customer_1339,0
Customer_8783,1
Customer_8142,1
Customer_496,0
Customer_3522,0
Customer_8495,0
Customer_7017,0
Customer_4824,0
Customer_1056,1
Customer_7829,1
Customer_3035,0
Customer_5234,0
Customer_33,0
Customer_3949,3
Customer_50,1
Customer_2826,0
Customer_6440,0
Customer_2388,2
Customer_9110,1
Customer_7032,0
Customer_1794,1
Customer_7628,0
Customer_500,1
Customer_8913,0
Customer_5832,1
Customer_3026,0
Customer_8565,0
Customer_3090,0
Customer_8295,0
Customer_3149,1
Customer_5583,0
Customer_6650,0
Customer_2638,0
Customer_5272,3
Customer_6445,0
Customer_6603,3
Customer_3991,0
Customer_245,0
Customer_149,0
Customer_3578,1
Customer_185,0
Customer_2602,3
Customer_758,1
Customer_7466,0
Customer_5337,0
Customer_4127,0
Customer_6119,0
Customer_8289,0
Customer_1732,0
Customer_4903,0
Customer_1928,1
Customer_4793,0
Customer_5250,0
Customer_6715,0
Customer_6835,0
Customer_5229,1
Customer_5835,2
Customer_8098,1
Customer_8193,0
Customer_550,2
Customer_1429,1
Customer_8090,1
Customer_8260,1
Customer_1718,0
Customer_6539,0
Customer_1046,0
Customer_17,2
Customer_5365,0
Customer_4842,0
Customer_3367,1
Customer_2622,1
Customer_3032,3
Customer_2232,0
Customer_3761,3
Customer_6535,0
Customer_4319,0
Customer_5769,0
Customer_4588,1
Customer_6793,1
Customer_6537,0
Customer_7586,0
Customer_4623,1
Customer_4785,2
Customer_6358,0
Customer_9038,0
Customer_5316,0
Customer_6395,0
Customer_8074,3
Customer_2165,1
Customer_2820,0
Customer_7332,1
Customer_2036,1
Customer_7354,1
Customer_168,0
Customer_6417,1
Customer_8332,0
Customer_8702,1
Customer_1156,2
Customer_7919,1
Customer_6462,2
Customer_9003,2
Customer_2312,2
Customer_960,0
Customer_3548,2
Customer_5715,0
Customer_2481,2
Customer_6501,1
Customer_5942,0
Customer_718,0
Customer_5438,0
Customer_9058,2
Customer_3540,0
Customer_9101,0
Customer_487,0
Customer_7871,2
Customer_1127,1
Customer_6743,2
Customer_9064,3
Customer_6032,0
Customer_4821,1
Customer_4295,1
Customer_1295,1
Customer_3165,0
Customer_4981,2
Customer_6120,0
Customer_6450,3
Customer_8377,0
Customer_6068,3
Customer_3133,0
Customer_6114,0
Customer_2802,0
Customer_5489,1
Customer_3100,0
Customer_9004,1
Customer_8224,1
Customer_8475,2
Customer_353,1
Customer_6507,1
Customer_8837,0
Customer_1470,1
Customer_483,0
Customer_7327,0
Customer_6486,1
Customer_8707,1
Customer_4412,1
Customer_5389,0
Customer_3620,1
Customer_5313,1
Customer_2882,0
Customer_7136,3
Customer_1642,1
Customer_3857,0
Customer_4315,0
Customer_5143,0
Customer_5647,0
Customer_4084,1
Customer_4700,1
Customer_7071,0
Customer_453,3
Customer_766,0
Customer_6324,0
Customer_5858,3
Customer_6174,0
Customer_2515,1
Customer_682,0
Customer_8604,2
Customer_5950,0
Customer_2107,0
Customer_3002,2
Customer_7033,3
Customer_2718,0
Customer_5515,0
Customer_7006,0
Customer_6770,0
Customer_1123,2
Customer_2484,0
Customer_7459,1
Customer_7097,3
Customer_7503,2
Customer_3692,2
Customer_3018,0
Customer_5861,0
Customer_4582,0
Customer_5912,0
Customer_9072,1
Customer_3274,0
Customer_5015,0
Customer_6985,1
Customer_5227,2
Customer_3625,1
Customer_7607,1
Customer_7383,2
Customer_3454,1
Customer_6142,1
Customer_1699,0
Customer_429,0
Customer_1446,1
Customer_7462,0
Customer_385,1
Customer_921,1
Customer_4704,1
Customer_8239,0
Customer_9119,0
Customer_1057,3
Customer_9031,0
Customer_2210,0
Customer_1287,1
Customer_5964,1
Customer_4339,1
Customer_5419,0
Customer_7372,1
Customer_637,0
Customer_3979,0
Customer_7070,0
Customer_233,0
Customer_3154,1
Customer_3150,0
Customer_2697,0
Customer_4043,3
Customer_811,2
Customer_3487,3
Customer_6266,0
Customer_1731,1
Customer_1570,1
Customer_1615,3
Customer_7251,3
Customer_5649,0
Customer_5457,2
Customer_5403,1
Customer_5652,0
Customer_8170,0
Customer_101,0
Customer_319,1
Customer_5629,0
Customer_2508,0
Customer_625,0
Customer_6227,0
Customer_7614,0
Customer_2245,0
Customer_6204,1
Customer_8407,3
Customer_334,3
Customer_4010,0
Customer_1330,1
Customer_5851,0
Customer_5696,2
Customer_5279,1
Customer_461,0
Customer_1052,0
Customer_1670,0
Customer_8,0
Customer_99,0
Customer_4001,0
Customer_6352,2
Customer_7189,3
Customer_31,3
Customer_3146,1
Customer_6407,0
Customer_6091,1
Customer_540,1
Customer_1479,0
Customer_8997,1
Customer_7269,1
Customer_3053,0
Customer_1142,0
Customer_8259,1
Customer_7453,1
Customer_7150,1
Customer_1112,2
Customer_8026,1
Customer_3422,1
Customer_5909,0
Customer_5623,1
Customer_4374,1
Customer_3209,1
Customer_601,1
Customer_1328,1
Customer_6634,1
Customer_2588,0
Customer_1044,1
Customer_7884,1
Customer_9025,1
Customer_5332,1
Customer_1095,0
Customer_5274,1
Customer_291,3
Customer_3238,0
Customer_8711,1
Customer_6214,0
Customer_618,2
Customer_2957,0
Customer_594,1
Customer_4750,1
Customer_3263,1
Customer_6594,0
Customer_4894,0
Customer_2478,1
Customer_1807,3
Customer_1840,0
Customer_2272,1
Customer_8867,1
Customer_9112,0
Customer_7018,0
Customer_5412,1
Customer_4717,1
Customer_4382,0
Customer_7550,1
Customer_5610,0
Customer_6773,1
Customer_7782,0
Customer_5137,1
Customer_4091,1
Customer_4834,0
Customer_8779,1
Customer_2716,1
Customer_3535,0
Customer_8272,0
Customer_1688,2
Customer_5273,2
Customer_4564,1
Customer_3131,0
Customer_5306,0
Customer_5426,3
Customer_6026,3
Customer_7637,1
Customer_6307,1
Customer_8088,1
Customer_1149,1
Customer_4812,0
Customer_1937,0
Customer_7067,0
Customer_2880,0
Customer_4629,2
Customer_3095,1
Customer_8503,0
Customer_5663,0
Customer_748,1
Customer_8447,0
Customer_6386,1
Customer_1575,1
Customer_8917,3
Customer_1426,0
Customer_1126,3
Customer_7139,0
Customer_4279,1
Customer_4923,1
Customer_1569,0
Customer_6758,2
Customer_6728,0
Customer_7477,1
Customer_6923,3
Customer_6839,0
Customer_5354,1
Customer_2249,0
Customer_4051,0
Customer_6317,1
Customer_3662,1
Customer_664,1
Customer_2586,2
Customer_841,0
Customer_6296,2
Customer_8669,1
Customer_3037,0
Customer_7426,0
Customer_833,1
Customer_4868,0
Customer_5363,1
Customer_872,0
Customer_4716,1
Customer_3984,1
Customer_3320,0
Customer_5702,0
Customer_6194,2
Customer_3942,2
Customer_8288,0
Customer_1277,2
Customer_4331,0
Customer_3981,0
Customer_3886,2
Customer_6377,0
Customer_8101,0
Customer_7867,1
Customer_4972,0
Customer_7223,1
Customer_411,0
Customer_7642,1
Customer_1832,1
Customer_7234,1
Customer_1978,0
Customer_6532,1
Customer_5092,1
Customer_1726,1
Customer_7556,0
Customer_604,1
Customer_30,1
Customer_1671,0
Customer_263,3
Customer_2816,0
Customer_247,0
Customer_852,0
Customer_1835,0
Customer_8841,3
Customer_199,0
Customer_532,0
Customer_2615,0
Customer_8057,0
Customer_5030,2
Customer_5255,2
Customer_455,0
Customer_1197,0
Customer_5381,0
Customer_3892,1
Customer_2225,0
Customer_7905,0
Customer_4513,1
Customer_2955,1
Customer_4764,0
Customer_6558,1
Customer_2008,0
Customer_3404,0
Customer_7870,1
Customer_6350,0
Customer_1373,1
Customer_8153,1
Customer_6130,0
Customer_3905,0
Customer_6688,2
Customer_8331,2
Customer_7349,0
Customer_3994,1
Customer_217,0
Customer_1005,0
Customer_4335,0
Customer_7015,1
Customer_3325,0
Customer_7084,0
Customer_8086,0
Customer_2846,0
Customer_3777,1
Customer_6969,0
Customer_675,0
Customer_4099,0
Customer_1740,2
Customer_8409,0
Customer_7487,0
Customer_229,2
Customer_6977,1
Customer_7254,0
Customer_4198,0
Customer_5707,0
Customer_6890,3
Customer_8291,0
Customer_4613,3
Customer_8567,0
Customer_2002,1
Customer_6060,3
Customer_1595,1
Customer_2034,0
Customer_3143,1
Customer_6553,0
Customer_1649,0
Customer_7619,2
Customer_3434,0
Customer_2373,0
Customer_7636,1
Customer_2152,3
Customer_337,0
Customer_7475,0
Customer_5957,3
Customer_9086,0
Customer_1400,0
Customer_5170,0
Customer_5993,0
Customer_4963,0
Customer_6956,2
Customer_7717,3
Customer_1226,1
Customer_96,2
Customer_4341,0
Customer_2897,0
Customer_7948,0
Customer_8768,2
Customer_6984,0
Customer_4604,0
Customer_4482,0
Customer_8404,1
Customer_3570,1
Customer_1017,2
Customer_3846,0
Customer_3720,1
Customer_4141,0
Customer_8941,0
Customer_350,0
Customer_5934,0
Customer_8343,1
Customer_2919,1
Customer_8704,0
Customer_5710,1
Customer_8685,0
Customer_2859,0
Customer_4640,0
Customer_1210,0
Customer_7902,0
Customer_5022,0
Customer_7066,2
Customer_1383,0
Customer_4264,0
Customer_5350,0
Customer_742,0
Customer_180,2
Customer_1115,1
Customer_7621,1
Customer_349,2
Customer_8080,0
Customer_3393,0
Customer_8179,0
Customer_4122,0
Customer_6942,1
Customer_3914,0
Customer_81,1
Customer_6625,0
Customer_7661,0
Customer_4071,0
Customer_6861,2
Customer_831,0
Customer_6017,0
Customer_1606,3
Customer_6196,0
Customer_5562,0
Customer_8234,0
Customer_5606,0
Customer_1768,0
Customer_9016,1
Customer_1888,1
Customer_7087,0
Customer_4693,0
Customer_2083,3
Customer_7836,0
Customer_2554,1
Customer_7461,0
Customer_7289,1
Customer_4355,0
Customer_2006,3
Customer_8759,1
Customer_710,0
Customer_2531,0
Customer_5698,1
Customer_3852,0
Customer_6838,0
Customer_4477,0
Customer_4439,0
Customer_3817,1
Customer_6660,0
Customer_5740,0
Customer_1369,1
Customer_8408,0
Customer_6649,0
Customer_9049,1
Customer_1139,3
Customer_6135,1
Customer_4140,0
Customer_4375,1
Customer_8658,1
Customer_2177,1
Customer_7981,0
Customer_3244,3
Customer_172,0
Customer_7111,1
Customer_4292,1
Customer_39,2
Customer_1561,0
Customer_8313,3
Customer_9023,3
Customer_5863,3
Customer_4060,0
Customer_2603,2
Customer_2986,1
Customer_5669,0
Customer_4984,0
Customer_2939,1
Customer_8674,0
Customer_2453,0
Customer_7299,1
Customer_4920,0
Customer_2794,0
Customer_7879,2
Customer_4216,3
Customer_533,0
Customer_1758,1
Customer_6720,0
Customer_6900,1
Customer_7023,0
Customer_65,1
Customer_6400,0
Customer_2952,2
Customer_354,0
Customer_3438,0
Customer_1650,1
Customer_2276,1
Customer_4344,1
Customer_6648,3
Customer_5516,2
Customer_7935,1
Customer_9042,3
Customer_1665,0
Customer_472,1
Customer_8483,2
Customer_3768,0
Customer_4617,2
Customer_5599,1
Customer_6998,0
Customer_1765,1
Customer_868,2
Customer_1739,1
Customer_323,0
Customer_8242,0
Customer_4267,0
Customer_3379,2
Customer_5458,1
Customer_1623,1
Customer_6641,2
Customer_8519,0
Customer_5834,1
Customer_5128,0
Customer_1075,3
Customer_3094,2
Customer_1254,1
Customer_3381,1
Customer_7197,2
Customer_5581,0
Customer_3091,3
Customer_8215,1
Customer_4918,0
Customer_5488,1
Customer_5609,2
Customer_6983,0
Customer_73,0
Customer_2111,0
Customer_4333,1
Customer_8629,0
Customer_7322,1
Customer_5422,1
Customer_4050,1
Customer_8238,2
Customer_8709,0
Customer_1509,0
Customer_6325,2
Customer_7324,3
Customer_1918,0
Customer_118,1
Customer_1737,1
Customer_5097,0
Customer_4927,1
Customer_7635,1
Customer_3624,0
Customer_1219,0
Customer_4886,0
Customer_3378,1
Customer_3106,0
Customer_1897,1
Customer_6470,2
Customer_3621,1
Customer_449,0
Customer_3410,0
Customer_5612,0
Customer_2291,0
Customer_2620,1
Customer_6256,0
Customer_177,2
Customer_132,1
Customer_4076,3
Customer_1992,1
Customer_1374,0
Customer_8385,1
Customer_0,1
Customer_2807,0
Customer_2025,1
Customer_3428,0
Customer_6231,3
Customer_4631,0
Customer_7685,0
Customer_8749,1
Customer_2145,1
Customer_5294,0
Customer_3395,2
Customer_1783,0
Customer_6716,2
Customer_5244,0
Customer_5268,1
Customer_8016,0
Customer_7273,2
Customer_408,1
Customer_6559,0
Customer_5634,1
Customer_4881,0
Customer_1027,3
Customer_157,3
Customer_1421,1
Customer_388,1
Customer_7616,0
Customer_2127,0
Customer_8292,0
Customer_2543,0
Customer_8597,0
Customer_4659,2
Customer_712,0
Customer_5164,1
Customer_510,2
Customer_1061,3
Customer_7244,1
Customer_5027,1
Customer_5786,0
Customer_1502,1
Customer_4031,0
Customer_1701,1
Customer_2273,1
Customer_4472,0
Customer_678,0
Customer_5598,0
Customer_5366,0
Customer_8871,0
Customer_1741,0
Customer_3498,1
Customer_6817,3
Customer_957,0
Customer_5221,1
Customer_8643,1
Customer_5930,1
Customer_6854,1
Customer_3445,1
Customer_8348,0
Customer_724,0
Customer_4937,1
Customer_4864,0
Customer_5271,1
Customer_7072,0
Customer_794,1
Customer_2771,0
Customer_2072,3
Customer_5648,1
Customer_5764,2
Customer_251,0
Customer_3418,1
Customer_2495,2
Customer_4007,1
Customer_9130,0
Customer_8297,0
Customer_2319,1
Customer_3064,0
Customer_3780,0
Customer_1233,0
Customer_3128,2
Customer_2683,1
Customer_1631,0
Customer_6252,0
Customer_7195,0
Customer_6951,1
Customer_1568,0
Customer_3455,2
Customer_7451,2
Customer_5708,0
Customer_4383,3
Customer_7168,2
Customer_3441,1
Customer_4042,2
Customer_4601,0
Customer_7745,1
Customer_4246,0
Customer_3677,2
Customer_1396,1
Customer_8748,0
Customer_6129,0
Customer_3728,0
Customer_2233,0
Customer_1042,1
Customer_611,2
Customer_5214,1
Customer_5638,0
Customer_2663,0
Customer_6568,0
Customer_6398,0
Customer_7538,0
Customer_5125,0
Customer_2605,0
Customer_6581,0
Customer_6929,3
Customer_8439,2
Customer_6364,1
Customer_2199,3
Customer_503,1
Customer_3132,3
Customer_274,3
Customer_1345,1
Customer_4880,1
Customer_3774,1
Customer_6355,1
Customer_5425,1
Customer_3392,1
Customer_6933,0
Customer_6513,1
Customer_7063,0
Customer_7787,1
Customer_2548,3
Customer_108,1
Customer_683,1
Customer_6191,0
Customer_5323,1
Customer_997,1
Customer_1626,1
Customer_8144,0
Customer_1176,1
Customer_1346,1
Customer_7194,0
Customer_744,1
Customer_8451,1
Customer_4609,0
Customer_2441,0
Customer_5228,2
Customer_7914,0
Customer_2075,2
Customer_2377,2
Customer_7401,0
Customer_5662,2
Customer_8799,0
Customer_7510,0
Customer_6167,0
Customer_1941,0
Customer_4113,3
Customer_3082,0
Customer_693,3
Customer_485,0
Customer_4306,0
Customer_8616,0
Customer_982,1
Customer_1261,1
Customer_79,0
Customer_4202,1
Customer_6785,0
Customer_5358,2
Customer_3745,0
Customer_2149,0
Customer_5118,0
Customer_6708,1
Customer_6671,0
Customer_4210,0
Customer_4205,0
Customer_5216,0
Customer_1578,0
Customer_5572,0
Customer_445,0
Customer_2579,0
Customer_5245,0
Customer_2088,0
Customer_3956,0
Customer_4988,1
Customer_3861,1
Customer_8412,2
Customer_2392,1
Customer_5464,1
Customer_4514,3
Customer_7652,2
Customer_1597,0
Customer_4102,0
Customer_8765,0
Customer_68,0
Customer_8381,0
Customer_48,3
Customer_1053,0
Customer_4487,0
Customer_3284,2
Customer_2935,3
Customer_603,0
Customer_4610,0
Customer_7841,0
Customer_6337,0
Customer_4660,1
Customer_3269,0
Customer_1467,1
Customer_5876,0
Customer_3107,2
Customer_393,1
Customer_3646,1
Customer_230,0
Customer_1320,1
Customer_41,1
Customer_7363,0
Customer_3918,0
Customer_8140,1
Customer_3847,1
Customer_5282,1
Customer_1530,0
Customer_7478,0
Customer_3668,0
Customer_7341,0
Customer_3538,3
Customer_1323,1
Customer_5461,1
Customer_2110,0
Customer_5958,1
Customer_1491,0
Customer_6260,0
Customer_6187,1
Customer_61,0
Customer_7082,2
Customer_6811,3
Customer_3139,1
Customer_5396,1
Customer_402,1
Customer_332,3
Customer_7647,3
Customer_1009,0
Customer_1168,0
Customer_2287,1
Customer_8102,0
Customer_8411,1
Customer_1965,2
Customer_7439,1
Customer_4288,2
Customer_7321,0
Customer_4454,0
Customer_1721,2
Customer_1438,2
Customer_2867,1
Customer_7217,0
Customer_3898,3
Customer_1334,0
Customer_6800,2
Customer_7175,0
Customer_1659,2
Customer_9028,1
Customer_5799,0
Customer_4771,1
Customer_6280,0
Customer_8014,2
Customer_4056,0
Customer_5518,1
Customer_706,0
Customer_7081,1
Customer_4230,1
Customer_3723,1
Customer_2087,0
Customer_5106,1
Customer_7279,1
Customer_3615,3
Customer_1562,0
Customer_7788,1
Customer_9019,3
Customer_6734,2
Customer_696,2
Customer_1103,0
Customer_473,1
Customer_379,0
Customer_8196,0
Customer_5725,1
Customer_7160,1
Customer_3458,0
Customer_6192,0
Customer_2933,0
Customer_5687,0
Customer_7502,0
Customer_9059,0
Customer_4201,1
Customer_381,1
Customer_8531,1
Customer_3827,0
Customer_2128,2
Customer_3337,2
Customer_4028,0
Customer_2124,1
Customer_2189,1
Customer_4680,1
Customer_6842,0
Customer_58,2
Customer_4393,0
Customer_1155,1
Customer_4309,1
Customer_3703,1
Customer_4466,0
Customer_3332,1
Customer_6382,1
Customer_4541,0
Customer_2029,0
Customer_1193,1
Customer_7347,1
Customer_5736,1
Customer_858,0
Customer_4522,1
Customer_1864,0
Customer_3182,1
Customer_9017,2
Customer_6816,3
Customer_1536,1
Customer_745,1
Customer_4706,1
Customer_8888,1
Customer_6250,2
Customer_8880,1
Customer_3739,1
Customer_7106,0
Customer_5060,3
Customer_2358,1
Customer_6687,3
Customer_6205,1
Customer_5465,1
Customer_5672,0
Customer_5793,0
Customer_6510,0
Customer_6080,0
Customer_1656,0
Customer_6538,1
Customer_1533,1
Customer_2455,2
Customer_3656,0
Customer_5471,0
Customer_4855,0
Customer_1880,1
Customer_8472,3
Customer_5967,1
Customer_7971,0
Customer_5123,0
Customer_7738,0
Customer_214,3
Customer_8580,1
Customer_7857,0
Customer_2304,2
Customer_862,3
Customer_3,0
Customer_6822,0
Customer_3257,2
Customer_3299,2
Customer_4929,0
Customer_181,0
Customer_1618,1
Customer_8459,0
Customer_7709,0
Customer_6232,1
Customer_8029,1
Customer_3151,0
Customer_4550,0
Customer_8726,0
Customer_2861,0
Customer_8973,3
Customer_6592,0
Customer_3573,1
Customer_8106,1
Customer_8736,1
Customer_6427,1
Customer_70,1
Customer_544,3
Customer_3932,2
Customer_835,1
Customer_6571,0
Customer_3813,2
Customer_5409,0
Customer_3772,1
Customer_8840,0
Customer_367,1
Customer_7016,1
Customer_5157,0
Customer_4506,1
Customer_6146,2
Customer_877,0
Customer_7932,0
Customer_196,0
Customer_8899,0
Customer_5035,0
Customer_2275,1
Customer_4081,2
Customer_2063,1
Customer_8860,0
Customer_4342,0
Customer_6405,0
Customer_1544,2
Customer_3884,3
Customer_7263,0
Customer_7563,0
Customer_8555,1
Customer_6826,0
Customer_5747,0
Customer_5533,0
Customer_1432,2
Customer_2894,2
Customer_8636,0
Customer_7934,1
Customer_3309,0
Customer_6170,0
Customer_2183,0
Customer_2887,0
Customer_3102,0
Customer_6876,0
Customer_2577,0
Customer_4475,0
Customer_2759,0
Customer_3463,0
Customer_9092,0
Customer_218,0
Customer_5356,0
Customer_6749,2
Customer_3316,0
Customer_3205,1
Customer_1919,0
Customer_1244,0
Customer_5689,1
Customer_6426,0
Customer_7180,1
Customer_5344,2
Customer_1643,0
Customer_7735,0
Customer_7692,1
Customer_576,0
Customer_5551,1
Customer_8323,0
Customer_2288,1
Customer_1775,0
Customer_1166,0
Customer_4132,1
Customer_2847,0
Customer_415,0
Customer_4204,1
Customer_8371,0
Customer_8862,3
Customer_4994,3
Customer_759,1
Customer_1385,2
Customer_8980,2
Customer_1201,0
Customer_8918,0
Customer_2138,1
Customer_6560,0
Customer_8558,2
Customer_8934,0
Customer_2906,1
Customer_3550,3
Customer_4376,0
Customer_2114,0
Customer_1957,0
Customer_782,0
Customer_543,0
Customer_328,0
Customer_5478,1
Customer_4953,3
Customer_9009,0
Customer_2611,0
Customer_3375,1
Customer_6133,0
Customer_1111,1
Customer_2348,1
Customer_7122,2
Customer_8794,1
Customer_4528,1
Customer_4755,0
Customer_1281,0
Customer_971,0
Customer_2375,1
Customer_7785,0
Customer_7054,0
Customer_4618,2
Customer_4539,0
Customer_3349,0
Customer_970,0
Customer_4463,1
Customer_4254,0
Customer_1278,1
Customer_3948,3
Customer_6310,0
Customer_3881,0
Customer_2627,1
Customer_2191,1
Customer_1282,0
Customer_7705,0
Customer_2900,1
Customer_7414,0
Customer_4362,1
Customer_1437,0
Customer_5865,1
Customer_8790,2
Customer_111,0
Customer_56,3
Customer_5144,0
Customer_7286,0
Customer_2057,1
Customer_1844,0
Customer_2122,1
Customer_7369,0
Customer_6875,1
Customer_8133,0
Customer_3689,1
Customer_6872,1
Customer_7131,0
Customer_2316,1
Customer_2913,1
Customer_1298,0
Customer_4436,0
Customer_740,3
Customer_5298,1
Customer_8085,3
Customer_3123,1
Customer_4100,0
Customer_7010,1
Customer_2614,0
Customer_524,2
Customer_6615,0
Customer_7295,0
Customer_2626,1
Customer_6234,0
Customer_3541,0
Customer_5729,0
Customer_4053,0
Customer_5509,0
Customer_435,1
Customer_6659,1
Customer_8257,1
Customer_308,1
Customer_8961,1
Customer_2968,2
Customer_2456,3
Customer_4239,0
Customer_87,1
Customer_8413,2
Customer_3055,0
Customer_401,0
Customer_3742,1
Customer_1020,0
Customer_881,2
Customer_3333,0
Customer_8929,1
Customer_5889,0
Customer_6853,0
Customer_5965,1
Customer_7364,0
Customer_7525,2
Customer_5277,2
Customer_257,0
Customer_5896,2
Customer_288,2
Customer_6703,0
Customer_7011,0
Customer_7566,1
Customer_8596,0
Customer_476,0
Customer_8430,0
Customer_8351,1
Customer_2574,1
Customer_5379,1
Customer_737,1
Customer_2523,0
Customer_5414,1
Customer_4474,0
Customer_5257,0
Customer_8435,2
Customer_7567,0
Customer_4921,0
Customer_2522,0
Customer_1839,1
Customer_1995,0
Customer_3011,0
Customer_2254,0
Customer_4661,1
Customer_800,0
Customer_4478,2
Customer_1405,0
Customer_69,0
Customer_4734,0
Customer_1586,3
Customer_3014,1
Customer_4619,1
Customer_1074,1
Customer_8248,0
Customer_6925,0
Customer_2692,0
Customer_8275,0
Customer_5067,3
Customer_3279,0
Customer_5206,1
Customer_3842,1
Customer_2436,1
Customer_7308,3
Customer_8898,1
Customer_4633,1
Customer_477,0
Customer_1329,1
Customer_8804,0
Customer_1777,0
Customer_3078,1
Customer_751,0
Customer_4782,2
Customer_6582,0
Customer_4985,0
Customer_4997,1
Customer_3169,1
Customer_468,1
Customer_1545,0
Customer_8464,1
Customer_7975,0
Customer_1025,2
Customer_4228,0
Customer_2465,1
Customer_773,1
Customer_6993,2
Customer_7344,3
Customer_5944,0
Customer_641,1
Customer_4438,0
Customer_7380,0
Customer_1108,0
Customer_2399,2
Customer_1420,0
Customer_2970,1
Customer_4814,2
Customer_4054,0
Customer_6459,0
Customer_1680,0
Customer_5641,0
Customer_633,0
Customer_7759,0
Customer_6742,0
Customer_5593,0
Customer_5071,1
Customer_8406,0
Customer_6206,0
Customer_7302,0
Customer_8442,3
Customer_2943,0
Customer_2252,1
Customer_1172,0
Customer_2960,0
Customer_2569,1
Customer_7278,0
Customer_8746,0
Customer_8514,1
Customer_5665,1
Customer_2337,1
Customer_6452,0
Customer_5790,0
Customer_9018,0
Customer_8040,0
Customer_7711,0
Customer_815,0
Customer_2131,0
Customer_7232,0
Customer_2907,3
Customer_3473,1
Customer_6274,3
Customer_6453,1
Customer_3245,0
Customer_179,0
Customer_8443,2
Customer_3411,1
Customer_7047,1
Customer_4123,0
Customer_1157,0
Customer_6666,2
Customer_1532,3
Customer_8314,1
Customer_1535,1
Customer_8466,1
Customer_4657,1
Customer_2516,0
Customer_5824,0
Customer_6827,3
Customer_6198,0
Customer_7297,0
Customer_1480,0
Customer_4898,0
Customer_8931,0
Customer_9073,0
Customer_3862,0
Customer_1952,0
Customer_7834,1
Customer_4067,0
Customer_1163,0
Customer_7926,0
Customer_9082,3
Customer_7152,2
Customer_3838,3
Customer_6387,1
Customer_3464,0
Customer_1598,0
Customer_5937,0
Customer_300,3
Customer_3071,3
Customer_4003,0
Customer_8300,2
Customer_7065,0
Customer_2301,1
Customer_1359,1
Customer_6867,1
Customer_2688,0
Customer_7242,1
Customer_486,1
Customer_2664,0
Customer_6027,0
Customer_1152,1
Customer_4453,0
Customer_4046,0
Customer_6497,0
Customer_8861,1
Customer_6899,0
Customer_6050,1
Customer_665,1
Customer_2310,0
Customer_6021,3
Customer_642,0
Customer_176,1
Customer_9051,1
Customer_2362,2
Customer_786,0
Customer_5264,2
Customer_8614,0
Customer_8078,1
Customer_91,1
Customer_5485,0
Customer_4738,3
Customer_7387,0
Customer_1971,3
Customer_530,1
Customer_996,1
Customer_2963,0
Customer_4058,1
Customer_3000,1
Customer_1427,1
Customer_8405,0
Customer_7265,0
Customer_6345,1
Customer_7868,0
Customer_2997,0
Customer_2471,0
Customer_2883,0
Customer_2724,0
Customer_4055,0
Customer_3281,0
Customer_3025,1
Customer_7205,2
Customer_3936,1
Customer_3815,0
Customer_694,0
Customer_4710,1
Customer_1738,1
Customer_167,0
Customer_4101,1
Customer_9015,0
Customer_8134,1
Customer_4772,0
Customer_9029,0
Customer_4510,0
Customer_2755,1
Customer_4950,0
Customer_5815,1
Customer_6608,0
Customer_3939,2
Customer_6086,0
Customer_6939,0
Customer_5847,0
Customer_3660,3
Customer_2223,3
Customer_100,0
Customer_6033,0
Customer_6576,0
Customer_3746,0
Customer_2412,0
Customer_5014,1
Customer_8428,1
Customer_7323,1
Customer_1465,3
Customer_4103,0
Customer_7748,0
Customer_1744,0
Customer_5321,1
Customer_5040,3
Customer_2446,1
Customer_8316,2
Customer_3060,0
Customer_8508,1
Customer_4995,0
Customer_5677,3
Customer_5269,0
Customer_8607,1
Customer_2121,1
Customer_5361,0
Customer_7003,1
Customer_7416,0
Customer_3937,0
Customer_5012,0
Customer_6392,1
Customer_1203,0
Customer_3405,0
Customer_1926,2
Customer_6076,0
Customer_7774,0
Customer_4667,1
Customer_4294,0
Customer_2751,1
Customer_4739,1
Customer_4428,0
Customer_805,2
Customer_3593,0
Customer_5651,1
Customer_6458,3
Customer_3889,2
Customer_4035,2
Customer_1242,0
Customer_6022,0
Customer_4603,1
Customer_547,1
Customer_26,1
Customer_4078,3
Customer_3038,1
Customer_7964,1
Customer_1302,2
Customer_5674,0
Customer_8301,0
Customer_3142,0
Customer_1221,1
Customer_8389,3
Customer_437,1
Customer_4932,1
Customer_8149,0
Customer_6188,0
Customer_4890,2
Customer_7781,0
Customer_8791,1
Customer_7207,1
Customer_3424,0
Customer_326,0
Customer_1039,0
Customer_4147,3
Customer_8107,1
Customer_1870,1
Customer_2991,0
Customer_534,0
Customer_2855,3
Customer_6081,1
Customer_585,0
Customer_9055,2
Customer_1703,3
Customer_5981,0
Customer_4608,0
Customer_491,1
Customer_4639,2
Customer_3145,1
Customer_2266,0
Customer_7662,0
Customer_8482,1
Customer_5028,0
Customer_3033,0
Customer_1916,0
Customer_2449,1
Customer_3501,2
Customer_5812,3
Customer_3206,1
Customer_3127,3
Customer_3903,3
Customer_397,0
Customer_1317,3
Customer_5473,0
Customer_121,0
Customer_8198,2
Customer_1566,0
Customer_1984,0
Customer_7980,0
Customer_2173,0
Customer_7942,1
Customer_7476,3
Customer_2333,0
Customer_573,2
Customer_4348,2
Customer_8281,0
Customer_3753,2
Customer_3207,2
Customer_1407,0
Customer_535,2
Customer_6913,2
Customer_7156,0
Customer_1434,1
Customer_2932,3
Customer_1867,1
Customer_1454,0
Customer_7211,0
Customer_3950,0
Customer_1820,1
Customer_51,0
Customer_6747,1
Customer_4525,1
Customer_469,2
Customer_9062,1
Customer_3350,1
Customer_5684,2
Customer_5129,1
Customer_3019,0
Customer_1858,2
Customer_7598,3
Customer_865,1
Customer_5961,0
Customer_4032,1
Customer_4395,3
Customer_5167,0
Customer_3992,0
Customer_425,1
Customer_188,1
Customer_4745,2
Customer_3153,2
Customer_228,0
Customer_4999,1
Customer_1041,1
Customer_3733,1
Customer_3482,0
Customer_4125,0
Customer_1905,0
Customer_8003,0
Customer_801,2
Customer_1487,1
Customer_7200,0
Customer_3465,0
Customer_1128,0
Customer_7954,1
Customer_5875,3
Customer_2208,0
Customer_3007,1
Customer_8047,1
Customer_2945,0
Customer_4411,2
Customer_5491,0
Customer_8764,0
Customer_2144,2
Customer_6117,1
Customer_4174,2
Customer_1632,1
Customer_3202,0
Customer_8543,0
Customer_156,0
Customer_3031,1
Customer_8119,1
Customer_3661,0
Customer_8087,3
Customer_4562,1
Customer_2485,0
Customer_6455,1
Customer_5843,0
Customer_2372,0
Customer_8771,0
Customer_4767,1
Customer_7822,2
Customer_8227,1
Customer_2885,1
Customer_7443,1
Customer_6690,1
Customer_847,0
Customer_7743,0
Customer_7528,0
Customer_6637,3
Customer_8879,0
Customer_756,3
Customer_8349,3
Customer_5369,0
Customer_8333,1
Customer_4416,2
Customer_8366,0
Customer_9046,1
Customer_2061,0
Customer_549,0
Customer_3070,3
Customer_7848,2
Customer_8864,1
Customer_6463,1
Customer_4273,0
Customer_2879,1
Customer_1259,1
Customer_6511,0
Customer_4241,0
Customer_6578,3
Customer_1024,0
Customer_752,0
Customer_3098,0
Customer_8055,0
Customer_1951,1
Customer_4112,0
Customer_351,0
Customer_1511,0
Customer_6771,1
Customer_3322,1
Customer_9053,0
Customer_701,2
Customer_2534,0
Customer_2644,0
Customer_561,1
Customer_2318,0
Customer_8037,0
Customer_6336,0
Customer_8896,3
Customer_8723,1
Customer_8594,0
Customer_1047,0
Customer_3781,0
Customer_414,0
Customer_3710,1
Customer_5288,0
Customer_8836,1
Customer_4753,0
Customer_7336,1
Customer_1469,0
Customer_4838,0
Customer_4022,1
Customer_7767,0
Customer_2271,1
Customer_1583,1
Customer_1412,1
Customer_6322,0
Customer_5391,0
Customer_1722,1
Customer_3077,0
Customer_3459,1
Customer_1507,1
Customer_4372,0
Customer_8330,0
Customer_1321,0
Customer_842,0
Customer_1146,1
Customer_7373,0
Customer_8199,1
Customer_463,0
Customer_1754,3
Customer_9050,2
Customer_8221,0
Customer_8637,0
Customer_4011,0
Customer_8556,0
Customer_5226,0
Customer_378,1
Customer_8644,0
Customer_1335,0
Customer_1223,1
Customer_4763,0
Customer_3161,1
Customer_1350,0
Customer_7272,1
Customer_1811,2
Customer_3467,0
Customer_1351,0
Customer_7590,0
Customer_1894,0
Customer_5492,3
Customer_3185,1
Customer_2673,1
Customer_4196,0
Customer_8401,0
Customer_4607,1
Customer_1189,0
Customer_3647,0
Customer_898,0
Customer_8923,1
Customer_8446,1
Customer_3043,1
Customer_3945,1
Customer_2762,2
Customer_8178,1
Customer_2715,0
Customer_8186,0
Customer_7931,2
Customer_4773,2
Customer_1030,0
Customer_8212,3
Customer_6100,0
Customer_7548,2
Customer_2908,0
Customer_1755,0
Customer_2886,0
Customer_231,1
Customer_6304,2
Customer_2840,1
Customer_4518,1
Customer_6323,0
Customer_7593,2
Customer_3717,3
Customer_2592,1
Customer_2317,2
Customer_3912,1
Customer_1515,1
Customer_216,3
Customer_8267,0
Customer_2263,1
Customer_8845,0
Customer_5798,0
Customer_7531,1
Customer_893,2
Customer_3068,0
Customer_1850,0
Customer_9074,0
Customer_6914,0
Customer_324,2
Customer_1215,1
Customer_6579,3
Customer_6814,0
Customer_1129,3
Customer_3688,0
Customer_3973,1
Customer_4398,0
Customer_208,0
Customer_6153,0
Customer_798,0
Customer_8309,2
Customer_734,1
Customer_5940,0
Customer_2917,0
Customer_1174,3
Customer_3544,1
Customer_4829,0
Customer_1831,0
Customer_6606,0
Customer_7897,3
Customer_6526,0
Customer_8957,3
Customer_198,0
Customer_6419,2
Customer_4705,0
Customer_1097,0
Customer_548,2
Customer_7886,1
Customer_3105,1
Customer_4922,1
Customer_7117,0
Customer_4689,1
Customer_2314,1
Customer_5504,1
Customer_5697,1
Customer_4906,0
Customer_2825,0
Customer_6788,1
Customer_6505,0
Customer_616,1
Customer_1118,0
Customer_937,2
Customer_2572,1
Customer_622,3
Customer_6921,0
Customer_7457,2
Customer_3295,1
Customer_7953,2
Customer_7379,1
Customer_8809,0
Customer_5722,0
Customer_4913,0
Customer_3617,2
Customer_2201,2
Customer_1160,2
Customer_7802,1
Customer_8851,0
Customer_5165,2
Customer_2876,0
Customer_478,1
Customer_1352,3
Customer_3721,0
Customer_8355,0
Customer_2647,1
Customer_7246,0
Customer_2948,0
Customer_4240,1
Customer_6556,1
Customer_1033,0
Customer_7540,1
Customer_6698,0
Customer_2598,2
Customer_3834,0
Customer_7020,0
Customer_3298,2
Customer_3080,0
Customer_4830,1
Customer_5780,3
Customer_3509,2
Customer_1425,0
Customer_6962,3
Customer_1871,0
Customer_480,2
Customer_8766,0
Customer_5529,1
Customer_527,0
Customer_8182,0
Customer_4237,0
Customer_7288,0
Customer_220,0
Customer_8383,3
Customer_4575,1
Customer_7399,3
Customer_7533,0
Customer_3003,1
Customer_8336,0
Customer_5398,1
Customer_8690,1
Customer_2868,1
Customer_5818,0
Customer_5792,1
Customer_2391,0
Customer_6244,1
Customer_8647,1
Customer_1983,0
Customer_9067,0
Customer_1554,2
Customer_8299,1
Customer_3210,0
Customer_4191,0
Customer_6378,0
Customer_3653,0
Customer_1677,0
Customer_3085,2
Customer_4332,2
Customer_901,1
Customer_5899,0
Customer_2296,0
Customer_6990,0
Customer_296,0
Customer_7851,2
Customer_57,0
Customer_5987,1
Customer_5303,0
Customer_7183,0
Customer_5527,0
Customer_2676,1
Customer_6682,2
Customer_5544,0
Customer_2753,1
Customer_6332,1
Customer_295,3
Customer_2580,0
Customer_6107,2
Customer_5711,1
Customer_648,0
Customer_1370,1
Customer_9000,2
Customer_5785,2
Customer_4271,3
Customer_7923,0
Customer_5633,3
Customer_8432,2
Customer_681,1
